SK_ID_CURR,CNT_CHILDREN,DAYS_BIRTH,DAYS_EMPLOYED,FLAG_WORK_PHONE,CNT_FAM_MEMBERS,REGION_RATING_CLIENT_W_CITY,EXT_SOURCE_1,EXT_SOURCE_2,EXT_SOURCE_3,FLOORSMAX_MEDI,OBS_30_CNT_SOCIAL_CIRCLE,FLAG_DOCUMENT_3,PAYMENT_RATE,BURO_AMT_CREDIT_SUM_SUM,PREV_NAME_PAYMENT_TYPE_Cash_through_the_bank_MEAN,PREV_NAME_CLIENT_TYPE_New_MEAN,APPROVED_APP_CREDIT_PERC_MIN,APPROVED_RATE_DOWN_PAYMENT_MAX,APPROVED_CNT_PAYMENT_MEAN,POS_MONTHS_BALANCE_MAX,POS_MONTHS_BALANCE_SIZE,INSTAL_NUM_INSTALMENT_VERSION_NUNIQUE,INSTAL_DPD_MAX,INSTAL_AMT_PAYMENT_MIN,INSTAL_AMT_PAYMENT_SUM,DAYS_ID_PUBLISH,ANNUITY_INCOME_PERC,AMT_ANNUITY
151142,-0.5775338388214382,-0.6035718653498828,0.9545910578966257,-0.49899677178931173,-0.16763069673814543,-0.0626928526971028,,0.6916772931382049,1.330460410430175,,1.4901711116628817,0.6390508614193472,0.18758834898638457,-0.47235941140355947,-0.035725013665628566,-0.5279726035102056,0.93232788169621,0.1124892137140324,7.0,0.6215807000708212,-0.14900759622279516,-0.16220038715397642,0.0845668354102822,-0.3641804608799389,-0.5832054083291596,0.9647220064210911,-1.040519398020037,-0.8454779342339926
234285,-0.5775338388214382,-0.7153965122185917,,-0.49899677178931173,-0.16763069673814543,-0.0626928526971028,,1.0162201518179246,1.0025964962372589,,-0.5923581796148427,0.6390508614193472,-0.11076078236415003,-0.22011694440817553,1.072198685302549,1.9108148159471108,1.111125603234642,0.1089218751667395,10.0,-3.4001705708808867,-0.8012186963158204,-0.6967871088743374,-0.16480122045571646,-0.048311906161088804,-0.6923320245038677,0.20285616731145678,1.6964065202454344,1.3092402401032552
280185,2.1920976972924686,0.4580748333032493,0.6462504261910132,-0.49899677178931173,2.028533902902418,1.9264209581084963,,-2.306957673880621,1.5497936990780434,,-0.17585232135929785,0.6390508614193472,-0.503842776540278,-0.06780574640231228,-1.1436487126338057,-0.04021511961874239,0.805625764370159,0.2892897727272727,9.0,0.13897054755661628,-0.5974027275367501,-0.16220038715397642,-0.16480122045571646,0.5336778224923475,-0.5542573240687667,1.4225040019208801,1.8201193430536093,1.418218061312531
136865,-0.5775338388214382,-0.8464696638761767,0.9545910578966257,-0.49899677178931173,-1.2657129965584273,-0.0626928526971028,,-2.59954974563511,-1.7418540584802835,,1.4901711116628817,0.6390508614193472,0.8642208914501984,-0.28302656782895586,-0.5896868631497171,-0.5279726035102056,1.0,0.0,24.0,0.6215807000708212,-0.7604555025600064,-0.16220038715397642,-0.1278578047718648,-0.3627185806485071,-0.6114298835385188,0.4016037775139701,-0.7729155213331229,-0.8659694903588137
372541,-0.5775338388214382,-0.5327648655908027,-2.2412890263419896,-0.49899677178931173,-0.16763069673814543,-0.0626928526971028,,0.9005611603170086,,-0.40808192607124244,2.7396886864295165,0.6390508614193472,-0.007056543053576892,0.45351659640630937,,,,,,,,-0.6967871088743374,0.010680004042578893,-0.364164941981516,-0.08721875337233312,0.7209249379060081,-0.25721354591442985,-0.022710908010115573
447393,-0.5775338388214382,-1.3730537591718592,-0.28347569492965446,-0.49899677178931173,-0.16763069673814543,-0.0626928526971028,,-1.4283907711807113,-1.3254656491163963,1.8894822623433638,-0.5923581796148427,0.6390508614193472,-1.0828319368400332,2.1937800557495426,-0.257309753459264,-0.4304211067319129,0.0,0.0,13.5,0.13897054755661628,0.09557156631208931,0.37238633456638454,-0.09091438908801316,-0.3638762904708512,1.8957565123049647,-0.7471574094565567,-0.14753721572256712,0.4625663984004202
415174,2.1920976972924686,0.8182968514950739,-0.07178552475728533,-0.49899677178931173,2.028533902902418,-0.0626928526971028,0.10209201909811474,0.7662664652197814,-1.8795045386764544,,-0.5923581796148427,0.6390508614193472,-0.8070760128859842,0.2897847374987373,-0.9220639728401702,-0.4304211067319129,0.0,0.0,22.0,-0.5581330060750131,-0.3935867587576797,0.37238633456638454,-0.0077917037993469355,-0.3634262424165887,2.0682769661938547,-0.21848876631787142,3.384950751511765,0.7742864339961835
391249,-0.5775338388214382,0.43561824438289376,-0.6546818923228189,-0.49899677178931173,-0.16763069673814543,-0.0626928526971028,,0.5106609838577356,0.6184379367935496,,1.0736652534073368,0.6390508614193472,-0.011247725801561425,-0.3448716980088645,0.7398215756120957,-0.7230755970667909,0.8498631720293033,0.1013801256922406,12.25,0.03172384699790407,0.5032035038702302,-0.16220038715397642,-0.14632951261379065,0.281210175390178,1.0773698545051735,-1.1897020881741531,0.0637497173621638,1.0319832761719638
361246,-0.5775338388214382,0.3130236007870756,0.4850237713324614,-0.49899677178931173,-0.16763069673814543,-0.0626928526971028,0.39208142023126563,-2.3058398963687328,0.11612094350447054,,-0.5923581796148427,-1.564820674490566,-0.1643608505979662,0.02786512992809401,-0.5896868631497171,0.4475423642727209,0.7880980667458689,0.0994569338193499,12.0,0.08534719727726017,-0.515876340025122,-0.16220038715397642,-0.16480122045571646,-0.008304186027001094,-0.5880010766782037,-1.0353414442502011,-0.32705591776519904,-1.1717904416156133
101768,-0.5775338388214382,-1.2958305911498207,,-0.49899677178931173,-0.16763069673814543,-0.0626928526971028,1.4567088775558832,0.36691406877516763,-0.6587587938214192,,-0.5923581796148427,-1.564820674490566,0.04188418022944711,0.30115885166624695,-1.1436487126338057,-0.04021511961874239,0.9914792092706203,0.0,24.0,-1.2016132094272862,-0.556639533780936,-0.16220038715397642,-0.16480122045571646,0.49208407093944534,-0.4331453559215105,-1.2864259251393761,-0.4927112645453763,-0.6191393824916506
377364,0.8072819292355152,-0.5570546454434322,-0.4934552374642671,-0.49899677178931173,0.9304516030821364,1.9264209581084963,1.2547567456138906,-0.9714068801153815,0.9639112063557571,0.740355499040889,-0.17585232135929785,0.6390508614193472,1.8689546449590224,0.2868718560512572,1.072198685302549,0.4475423642727209,0.8672160632150018,0.0876742954297558,18.0,-1.040743158589218,0.09557156631208931,-0.16220038715397642,-0.16480122045571646,0.5851478010015467,-0.2052776801116041,0.6447383539950446,0.6041386060501807,-0.7616488409960881
129865,0.8072819292355152,0.446388241110003,0.2074744371064663,2.00402098076543,-0.16763069673814543,1.9264209581084963,-0.7418190120387924,0.45417877971319426,-0.2901579828954805,-1.2697546640005128,-0.5923581796148427,0.6390508614193472,-1.0833527782339318,0.22653618385464971,1.072198685302549,-0.04021511961874239,1.0,0.0,10.0,-0.34363960495758866,-0.3120603712460515,-0.6967871088743374,-0.16480122045571646,0.06244336810305297,-0.47957356091742087,-1.0731034901886787,-1.0249231233497755,0.7376500154699881
291249,-0.5775338388214382,0.42393165218964757,0.5897997141450482,-0.49899677178931173,-0.16763069673814543,-0.0626928526971028,-0.9015611343373097,0.5683219006724013,0.9716933504475627,-0.40808192607124244,-0.17585232135929785,0.6390508614193472,-0.7320545193399416,-0.03561882553350729,-1.42062963737585,-0.28409386156447397,0.9099287410926366,0.2178181818181818,9.333333333333334,-0.021899503281452036,0.05480837255627523,-0.6967871088743374,-0.16480122045571646,0.01145137166527732,-0.4004177691121789,0.13528197984260226,-0.11316415085875736,-0.020537561148392128
295120,-0.5775338388214382,-1.9910682522147036,,-0.49899677178931173,-1.2657129965584273,-2.051806663502702,,0.7942743032832238,-0.481190806156571,0.740355499040889,-0.5923581796148427,-1.564820674490566,0.33232174582406615,-0.4453538798422362,-0.035725013665628566,-0.04021511961874239,1.0,0.0,8.0,0.08534719727726017,-0.7196923088041923,-0.16220038715397642,-0.16480122045571646,0.15533639028250315,-0.5758601166132461,-1.0572036813724774,-0.8962758859566593,-0.7954909564143533
367643,-0.5775338388214382,-0.3964212900029302,,-0.49899677178931173,-1.2657129965584273,-0.0626928526971028,-1.2570151737592767,-2.576690286245068,-2.1275477061541266,0.740355499040889,-0.17585232135929785,0.6390508614193472,0.3194007759293606,-0.10314356467156623,1.072198685302549,1.9108148159471108,1.0381925766541151,0.1025942386345179,8.0,-1.040743158589218,-0.8827450838274487,-0.16220038715397642,-0.16480122045571646,-0.07685116036069606,-0.7062674325335135,1.1780444413717888,-0.7200971448065557,-0.6442881104630219
180928,0.8072819292355152,-0.0724047927235154,0.9199508482320562,2.00402098076543,-0.16763069673814543,-0.0626928526971028,,-2.4387749793798847,-2.1339543898723368,-1.2697546640005128,-0.5923581796148427,0.6390508614193472,-0.9534908091476295,-0.04264523275725861,-1.1436487126338057,-0.04021511961874239,1.0868229303836363,0.1526601613965744,10.0,-1.9523401133382718,-0.7196923088041923,-0.6967871088743374,-0.16480122045571646,0.11787687326944608,-0.6666077686631041,0.12865705950251846,-0.778006584000126,-0.07052453896803144
305264,-0.5775338388214382,-0.6819407777045927,0.06720297081043178,-0.49899677178931173,-0.16763069673814543,-0.0626928526971028,,0.7721109482464884,,,1.0736652534073368,0.6390508614193472,-0.6941809513175681,,-2.251572411601983,-0.04021511961874239,0.885766646304215,0.0,12.0,-0.18276955411952037,-0.7196923088041923,0.37238633456638454,-0.16480122045571646,-0.3641152815065629,-0.22403413525653043,0.33734205021515745,-0.9375134935593843,-1.010962773848078
157655,-0.5775338388214382,-0.44248021217631234,-3.799670804338178,-0.49899677178931173,-0.16763069673814543,-0.0626928526971028,,0.49822644095684665,1.4072656484111947,-0.40808192607124244,0.24065353689624705,0.6390508614193472,-0.3732454318643575,-0.3699933236884699,0.40744446592164263,0.15488787393784303,0.8216926869350862,0.1013850433971379,12.666666666666666,0.2462172481153285,0.42167711635860194,-0.16220038715397642,-0.16480122045571646,-0.04641549677381747,-0.20028043184788225,1.1581696803515373,1.0808383007739888,1.6461090036703896
235876,-0.5775338388214382,-1.3141625004725597,,-0.49899677178931173,-0.16763069673814543,1.9264209581084963,,0.11926767945643835,0.7121840945881039,-1.2697546640005128,-0.5923581796148427,0.6390508614193472,-1.0833527782339318,0.28497183326830344,0.12254980047268266,-0.5976522440661289,1.0,0.5197594268762914,13.0,0.08534719727726017,-0.23053398373442333,-0.16220038715397642,-0.16480122045571646,0.13193699524054134,0.015646897001601913,1.741825162312918,1.149622338565802,0.7376500154699881
391676,-0.5775338388214382,1.3533594548525234,0.17796611035516635,-0.49899677178931173,-0.16763069673814543,-0.0626928526971028,-1.6260163093491429,-0.058234246721334704,0.20798793254067716,-0.40808192607124244,-0.17585232135929785,-1.564820674490566,0.5962708230935345,-0.37961609672759,1.072198685302549,0.4475423642727209,1.0587705065801334,0.2177952637551763,9.0,0.3534639486740407,-0.7604555025600064,-0.16220038715397642,-0.16480122045571646,0.28067322150474766,-0.5737628637119773,0.11739469492437606,0.11402032472548594,2.2962501934488047
210605,-0.5775338388214382,1.3341109500636472,-0.00036682088095069267,2.00402098076543,-0.16763069673814543,-2.051806663502702,-0.5999824005632883,-0.4196744509267013,0.10690589212805617,,-0.5923581796148427,-1.564820674490566,1.7702920681757974,-0.283860801105523,-0.257309753459264,-0.4304211067319129,1.0,,0.0,,,-0.6967871088743374,-0.16480122045571646,-0.31992056257799234,-0.258889187784079,0.07300772864581476,-0.052100719726329216,1.185669947108122
335093,-0.5775338388214382,1.1375012225772696,0.39307753580304855,2.00402098076543,-0.16763069673814543,-0.0626928526971028,,0.20156641058946062,0.778994228448053,-0.40808192607124244,-0.5923581796148427,0.6390508614193472,-1.1956331710983836,0.7402315164175961,-0.035725013665628566,-0.5279726035102056,0.7416967053832347,0.0,18.0,-0.29001625467823255,0.21786114757953157,-0.16220038715397642,-0.1278578047718648,-0.35557678359431505,-0.20511414417602747,-0.31786257141912805,1.8703606551911953,0.5737175664714195
203203,-0.5775338388214382,1.1734775946231453,0.005620375851197122,-0.49899677178931173,-0.16763069673814543,-0.0626928526971028,0.6050459926323178,-0.5045829641459738,-0.39978164151736945,,-0.5923581796148427,0.6390508614193472,1.139128265066326,-0.298122962433689,-0.9220639728401702,-0.4304211067319129,0.0,0.0,16.0,0.6215807000708212,-0.3935867587576797,0.37238633456638454,-0.15556536653475356,-0.3333288908153281,0.13384895998244617,-0.3953741393981082,-0.002958321936984707,0.5414278416686711
266767,-0.5775338388214382,-0.15306519374356775,-0.39038992228943686,-0.49899677178931173,-0.16763069673814543,-0.0626928526971028,,0.4535201346733914,0.41633708792927293,-0.40808192607124244,-0.5923581796148427,0.6390508614193472,-0.6244284480025596,0.2345866840440569,-0.035725013665628566,-0.04021511961874239,0.0,0.0,7.333333333333333,0.4070872989533968,-0.2712971774902374,-0.6967871088743374,-0.15556536653475356,1.2915121891750114,0.4172843871068363,1.8266241426659904,-0.4885698808758717,1.475966992209754
373489,0.8072819292355152,0.4977175872136727,0.30241427100195306,-0.49899677178931173,-0.16763069673814543,-0.0626928526971028,,-2.690395615948866,,-0.6955359514444469,1.0736652534073368,0.6390508614193472,1.147489662167009,,-1.1436487126338057,-1.0157300874016688,0.0,0.0,24.0,0.4607106492327529,0.05480837255627523,0.37238633456638454,-0.11862195085090191,-0.36186504123525076,1.2830499626560066,-0.8498436747278553,-0.9659541578429204,-0.4241591211827469
354855,2.1920976972924686,0.7399279391403639,0.9374847815190605,-0.49899677178931173,2.028533902902418,1.9264209581084963,,0.644303776374033,1.1297874704999114,-1.2697546640005128,0.6571593951517919,0.6390508614193472,-0.04984695843096458,-0.25621469833556515,1.072198685302549,0.4475423642727209,0.8516390672524502,0.0,8.0,0.514333999512109,-0.7196923088041923,0.37238633456638454,-0.13709365869282775,-0.19603319646844128,-0.5047117847904056,-0.6822331901237357,-0.0830667394490761,0.2790738276463404
128110,-0.5775338388214382,-1.3579299339805995,,-0.49899677178931173,-0.16763069673814543,1.9264209581084963,,-0.8335923970587561,0.9482800234958096,,-0.5923581796148427,0.6390508614193472,0.5840384423762731,-0.38961230225714005,-2.251572411601983,1.9108148159471108,0.9099243639697456,0.0,12.0,-1.7378467122208474,-0.6789291150483783,-0.6967871088743374,-0.16480122045571646,0.24859876224441688,-0.6271785439901213,-1.5991221651913305,0.4421840702087094,-1.0404581955428962
445529,-0.5775338388214382,-1.5359786032777036,-4.508725960188255,2.00402098076543,-0.16763069673814543,-0.0626928526971028,,0.9288059883213649,0.7206006571508271,,-0.5923581796148427,0.6390508614193472,-0.09890967065625828,-0.03916908073468508,0.2412559110764159,-1.0157300874016688,0.8660852944690001,0.0,24.5,0.6215807000708212,1.8076257040562806,-0.16220038715397642,-0.16480122045571646,-0.17247861244225104,0.13592900366318134,-1.1274278369773656,-0.3892295415354613,-0.7517135410567809
309703,2.1920976972924686,0.47709418922559116,0.9580123131721388,-0.49899677178931173,2.028533902902418,-0.0626928526971028,-0.062355592638521216,-1.8012273864461288,-1.8228372048957753,0.740355499040889,-0.5923581796148427,-1.564820674490566,-0.1643608505979662,-0.15388641836466144,-0.5896868631497171,-0.28409386156447397,0.8920538154298928,0.0892249524093584,18.0,0.6215807000708212,-0.515876340025122,-0.16220038715397642,-0.16480122045571646,-0.06467192887844933,-0.6510164082216602,-1.547447786538677,-0.9801402010662733,0.4582197046769733
344888,-0.5775338388214382,-1.4871698947059107,,-0.49899677178931173,-0.16763069673814543,-0.0626928526971028,,1.239120886201946,1.1151804708553168,,-0.5923581796148427,0.6390508614193472,-0.22637801596988277,-0.2150917550952445,1.072198685302549,-1.0157300874016688,0.8603207767467584,0.0927554330349756,34.0,0.6215807000708212,0.17709795382371749,0.37238633456638454,-0.09091438908801316,-0.3624702782737417,1.2495214219842543,-0.84388124642178,-1.2594253021960409,-1.006616080124631
259072,0.8072819292355152,1.257346079774677,-0.3467689175266457,-0.49899677178931173,0.9304516030821364,-0.0626928526971028,,-0.48738466020922094,,-0.40808192607124244,-0.5923581796148427,-1.564820674490566,0.09530623788085354,-0.010077641915565191,-0.3522746419422506,-0.5976522440661289,0.0,0.2124364582101902,6.0,-0.12914620384016426,-0.5974027275367501,0.37238633456638454,-0.09091438908801316,-0.364366687661013,-0.21850388456133713,-0.1091775807064891,0.21079527199341916,0.9360455361330287
116594,2.1920976972924686,0.18470023552790144,0.8823170402014128,2.00402098076543,2.028533902902418,-2.051806663502702,,1.3576023776294046,-0.9867475251388041,2.751155000272634,-0.5923581796148427,-1.564820674490566,0.7152098903763218,-0.19959274042156985,0.40744446592164263,-0.4304211067319129,0.0,0.1870133438235642,7.2,-1.523353311103423,-0.02671801495535293,-0.16220038715397642,-0.03549926556223568,-0.3430250985499201,-0.32880469165391596,0.9951966399854765,0.47549136865706404,1.6364841818541858
154836,-0.5775338388214382,-0.8870290132527372,0.23612745003888796,2.00402098076543,-0.16763069673814543,-0.0626928526971028,1.815408389989829,1.027163773164336,0.4520047948229642,0.740355499040889,-0.5923581796148427,0.6390508614193472,0.16498805445005216,0.9812566417572901,-0.5896868631497171,0.4475423642727209,0.8535345890188786,0.0,12.0,0.514333999512109,-0.23053398373442333,0.37238633456638454,-0.16480122045571646,-0.33825769295442293,-0.31447163461272615,-0.0767154710400786,0.29221311264495325,0.07229539765950947
273096,0.8072819292355152,-0.1702513587336357,0.3477459034025008,-0.49899677178931173,-0.16763069673814543,-2.051806663502702,0.8328365304362444,-0.3771558049168232,,,-0.5923581796148427,0.6390508614193472,-0.49799390935503834,,-0.5896868631497171,-1.0157300874016688,0.9099223413131378,0.0,18.0,0.6215807000708212,-0.5974027275367501,0.37238633456638454,-0.16480122045571646,1.2457314388276264,-0.27254784641048024,1.7603749392651526,-0.4963868998994653,1.0416080979881677
346345,-0.5775338388214382,0.9078940583099616,0.8677767052804823,-0.49899677178931173,-0.16763069673814543,-2.051806663502702,,0.6395667113721657,0.9871902148813392,,-0.5923581796148427,0.6390508614193472,-0.4993670931399176,-0.3804217797561905,-0.035725013665628566,-0.04021511961874239,0.7987738910926794,0.0,12.0,0.3534639486740407,0.3401507288469738,-0.6967871088743374,-0.16480122045571646,0.36058934082301697,-0.2533695720004514,-0.6226089070629818,1.8278734231156604,1.9742843797906304
389163,0.8072819292355152,-0.03917820707605066,-1.964595005934873,-0.49899677178931173,0.9304516030821364,-0.0626928526971028,,-1.4228689266897847,1.0102654181280029,,2.3231828281739713,0.6390508614193472,-1.211325550325716,-0.23300074340545165,1.072198685302549,-0.04021511961874239,1.0,0.3547065232839072,12.0,0.08534719727726017,-0.3935867587576797,-0.16220038715397642,-0.16480122045571646,-0.16547648547386454,-0.5656509398936962,-1.3798373019345573,-0.1324989998446504,1.0052821575850757
361142,-0.5775338388214382,-1.8347887252383521,,-0.49899677178931173,-0.16763069673814543,-2.051806663502702,,1.0526411701605431,1.6102134685586613,-0.40808192607124244,1.4901711116628817,0.6390508614193472,0.5841717540459057,,1.072198685302549,-1.0157300874016688,1.0,0.0,12.0,0.5679573497914652,-1.1273242463623332,-0.6967871088743374,-0.16480122045571646,0.27563889085637755,-0.7218162049881874,-0.7835944713270175,-1.305761804869872,-0.9786730490453297
173438,0.8072819292355152,0.36481124462381376,0.42515180401098324,2.00402098076543,0.9304516030821364,-0.0626928526971028,,-0.03431647411671058,-1.5422991398695536,-0.40808192607124244,1.0736652534073368,0.6390508614193472,-0.11728471874668936,0.5443664452423882,1.072198685302549,1.9108148159471108,1.2498349290194783,0.2177031091473408,4.0,-0.5581330060750131,-0.9642714713390768,-0.6967871088743374,-0.16480122045571646,0.1366050798861323,-0.7105408783841732,-0.46427331093497953,-0.6174109702705396,0.031933241656073995
336211,-0.5775338388214382,-1.498856486899157,,-0.49899677178931173,-0.16763069673814543,-2.051806663502702,,0.7614916490494286,0.7540818928040731,,-0.5923581796148427,-1.564820674490566,-0.4952414102196415,-0.30866086651972136,-0.3522746419422506,-1.0157300874016688,1.1111111111111112,0.4222584748430973,6.0,0.13897054755661628,0.21786114757953157,-0.6967871088743374,-0.16480122045571646,-0.15783808367014152,-0.4983967743026757,-1.2294516102146558,-0.40412677413952247,0.12352428797156219
298881,-0.5775338388214382,0.007339012830399977,-0.387396323923363,-0.49899677178931173,-1.2657129965584273,-2.051806663502702,,1.0967365761420411,0.4963024380644957,-0.40808192607124244,-0.5923581796148427,0.6390508614193472,-0.6185973692533653,-0.43736348316387186,-0.035725013665628566,-0.04021511961874239,1.0,,18.0,0.6215807000708212,-0.06748120871116702,-0.16220038715397642,-0.10938609692993899,-0.36343555375564246,0.1854575754235445,-0.7445074413205233,-0.34415013972017466,0.8938205113909731
181594,0.8072819292355152,-0.2715351577417696,-2.86010857430041,-0.49899677178931173,0.9304516030821364,-0.0626928526971028,-0.1814982018138404,1.068594781942811,1.0025964962372589,0.740355499040889,0.24065353689624705,-1.564820674490566,0.35944409543733863,-0.36613909422403784,1.072198685302549,1.9108148159471108,1.0,0.0,24.0,0.5679573497914652,-0.515876340025122,-0.6967871088743374,-0.1278578047718648,-0.2894538611942681,-0.6414494351391588,1.4880907132877095,-0.14671481329174343,-0.9367585024263775
261087,0.8072819292355152,-0.4415636167101754,-3.8467130643764826,2.00402098076543,-0.16763069673814543,-0.0626928526971028,1.6037732895647474,0.8017243870335087,0.1621247406550088,,-0.5923581796148427,0.6390508614193472,0.6582042088773408,-0.4120182516829387,-1.1436487126338057,-0.04021511961874239,0.9380863039399625,0.3395829115205507,6.0,0.6215807000708212,-0.6789291150483783,-0.6967871088743374,-0.09091438908801316,-0.24631132357876614,-0.6956034683230072,0.9819467993053089,-0.9133400200178243,-1.5092801614289546
219088,-0.5775338388214382,1.5018479203667106,0.6877331464066088,-0.49899677178931173,-1.2657129965584273,-0.0626928526971028,,0.5019569686387245,,-0.40808192607124244,-0.17585232135929785,0.6390508614193472,1.0770741511207509,-0.4720418263523983,0.6567272981894824,-0.6499119744830714,0.8833922261484098,0.2179311727048725,12.0,0.6215807000708212,1.3184673789865116,-0.6967871088743374,-0.15556536653475356,-0.17124641190747733,0.22261131574551826,0.559276881607964,-0.4515532442746666,-0.5399674611002964
210894,-0.5775338388214382,1.4940568589045464,0.9520251164399909,-0.49899677178931173,-1.2657129965584273,-0.0626928526971028,-1.5199710078860023,-0.10103897392686256,-0.7454198727767055,,-0.5923581796148427,-1.564820674490566,-1.2108648632130052,-0.13593422120395618,,,,,,,,,,,,0.5288022480435786,-0.4812563735446194,0.652268531616567
279274,-0.5775338388214382,0.4289729272534008,0.6633567025685784,-0.49899677178931173,-1.2657129965584273,-0.0626928526971028,-0.7852962120489774,0.2279627964332107,0.326367168671872,,-0.17585232135929785,0.6390508614193472,-0.6563249623539894,0.33189772513052124,1.072198685302549,-0.4304211067319129,0.7580179347043351,0.1089090909090909,21.0,-0.12914620384016426,-0.515876340025122,-0.16220038715397642,-0.16480122045571646,0.7722126025904893,0.12115522621860642,-1.1777772315620023,-0.1485106716610931,-0.05686350155148406
113881,-0.5775338388214382,-0.6494016386567307,0.6971415984142697,-0.49899677178931173,-1.2657129965584273,1.9264209581084963,0.15900318157654333,-0.8867888775002581,-0.3176610978379736,3.0386090256458385,-0.5923581796148427,-1.564820674490566,-0.1643608505979662,0.1042832226978017,-0.5896868631497171,0.4475423642727209,1.0,0.1089090909090909,14.0,0.4607106492327529,0.014045178800461149,-0.6967871088743374,-0.13709365869282775,0.23850527071020017,-0.4420997580978258,0.3784165563236768,-1.2786930162896217,-0.9389318492881009
208729,-0.5775338388214382,-0.7387696966050842,0.8301428972498389,-0.49899677178931173,-1.2657129965584273,-0.0626928526971028,0.44253399230949564,0.690002991892293,-1.2178611215580069,0.740355499040889,-0.5923581796148427,0.6390508614193472,-0.7907540605740706,-0.18772110874721215,-0.035725013665628566,-1.0157300874016688,0.8183062548354461,0.0,31.5,0.5679573497914652,-0.06748120871116702,3.0453199431681894,-0.16480122045571646,0.17416391784909552,1.5547704062641539,0.11871967899239282,0.3023022281802351,1.2521122654522387
322592,2.1920976972924686,0.18011725819721663,-1.2824822353794612,-0.49899677178931173,0.9304516030821364,-0.0626928526971028,,1.032171844837346,0.08846338761319957,,-0.5923581796148427,0.6390508614193472,0.5962227265140203,0.2106385243262795,-0.3522746419422506,-1.0157300874016688,0.0,0.1562764972149388,8.8,0.514333999512109,0.9108354414283709,-0.16220038715397642,-0.13709365869282775,-0.34424178018627094,0.5242204048610325,-1.0267290478080922,1.758086702557203,2.4415539550611722
130522,-0.5775338388214382,-1.1762148828189476,,-0.49899677178931173,-0.16763069673814543,-0.0626928526971028,,1.1879775676819875,1.2292921404843364,-0.6955359514444469,-0.17585232135929785,0.6390508614193472,-0.781671402184866,-0.21676614126089702,0.7028907856464895,-1.0157300874016688,0.0,0.102379550677023,10.88888888888889,0.6215807000708212,1.929915285323723,0.37238633456638454,-0.01702755772030985,-0.36409665882845554,0.6426842800284224,-0.9724047010194052,1.1050991724832842,-0.27512962209313896
297327,-0.5775338388214382,1.7057904115821838,0.6907267447726827,-0.49899677178931173,-1.2657129965584273,-2.051806663502702,,0.8163741872886141,,3.0386090256458385,0.24065353689624705,0.6390508614193472,1.1779558875999023,,-0.035725013665628566,-0.04021511961874239,0.8178461826055801,0.2089895318315865,15.0,0.6215807000708212,-0.43434995251349373,-0.16220038715397642,-0.15556536653475356,0.9551493771989557,-0.22737847656040236,1.1475698078074033,-0.4076278587736,0.339927539774597
124193,-0.5775338388214382,0.7474898517359939,0.9344911831529866,-0.49899677178931173,-0.16763069673814543,-2.051806663502702,-0.28019076598772036,0.8987869530716139,0.40738998450972425,,1.9066769699184265,0.6390508614193472,-0.7858034295294217,-0.3104277628342904,1.072198685302549,-1.0157300874016688,0.9266123054114158,0.1089818424728243,14.0,0.5679573497914652,-0.06748120871116702,0.37238633456638454,-0.16480122045571646,-0.3576904575595062,-0.2551570105916077,-0.905493005584559,0.041756326640710495,0.9996935513692153
398080,-0.5775338388214382,-0.6308405804674573,0.8019175412268564,-0.49899677178931173,-1.2657129965584273,-0.0626928526971028,,0.4081304103028852,,,-0.5923581796148427,0.6390508614193472,1.0785516796244248,,-0.035725013665628566,-0.04021511961874239,0.0,0.0,6.0,0.6215807000708212,-0.6381659212925641,-0.16220038715397642,-0.11862195085090191,-0.36246096693468793,0.0452365081319438,0.4367158553164141,-0.4846047262986868,-0.6119983856602735
347292,2.1920976972924686,0.34350040003612947,-1.8555424940278948,-0.49899677178931173,2.028533902902418,-0.0626928526971028,,0.75166584971819,1.5497936990780434,-0.40808192607124244,0.6571593951517919,0.6390508614193472,2.0229101345149134,-0.1322512068096229,0.6567272981894824,-0.6499119744830714,0.8938152729036868,0.6707876996125329,16.0,0.6215807000708212,0.5439666976260442,1.4415597780071066,-0.03549926556223568,-0.339055364333357,3.2904984801903883,-1.4341616487232445,0.9706070035282429,1.516639626336293
184426,-0.5775338388214382,1.1485003681709132,0.41959226418827456,-0.49899677178931173,-0.16763069673814543,-0.0626928526971028,0.2972332601040287,-1.1343937797085288,-0.8135595554743689,,-0.5923581796148427,0.6390508614193472,0.47332606131864985,-0.1790806349131036,-0.8270990843571837,-0.5976522440661289,0.0,0.1945847613169392,6.4,0.2998405983946846,-0.1082444024669811,0.37238633456638454,0.7218407559567234,-0.3553657265757644,-0.04119254803360729,-0.4026615517722004,-0.3940229728465473,-0.5322055080227126
167776,-0.5775338388214382,-0.010305449892736471,-0.7410685880295231,-0.49899677178931173,-0.16763069673814543,-0.0626928526971028,,0.8504694693427286,1.0407107388098493,-0.40808192607124244,2.7396886864295165,-1.564820674490566,-0.4986829359468153,0.007055671912712389,1.072198685302549,1.9108148159471108,1.1873070529565424,0.2089984473404162,6.0,0.4070872989533968,-0.9235082775832627,-0.6967871088743374,-0.16480122045571646,0.6023334291150025,-0.6514106733977059,0.27771776715440344,0.3329572787891839,1.4272219268825281
444934,-0.5775338388214382,-0.7548101172624809,0.7839559510304129,-0.49899677178931173,-0.16763069673814543,-0.0626928526971028,,-1.196371569083699,,-0.40808192607124244,-0.5923581796148427,-1.564820674490566,2.66484381256551,,-1.3019235267721168,-0.5976522440661289,0.8833873270371184,0.0,14.0,0.6215807000708212,0.5439666976260442,-0.16220038715397642,-0.10938609692993899,-0.36364661077419314,1.446435075850443,0.06770779237374773,-0.21338815321922625,0.126008112956389
326765,-0.5775338388214382,0.657663496054572,-0.2218930999704198,2.00402098076543,-0.16763069673814543,1.9264209581084963,,-0.3983945149942817,1.0407107388098493,,-0.5923581796148427,0.6390508614193472,-0.11721058310597851,-0.45592924600165036,1.072198685302549,1.9108148159471108,1.2501621271076524,0.2179311727048725,12.0,0.1925938978359724,-1.005034665094891,-0.16220038715397642,-0.16480122045571646,-0.1711439871778866,-0.7105842398190572,-0.6292338274030655,2.1360981055821817,0.5075857262504059
453462,-0.5775338388214382,0.9454744724215769,0.4995641062533918,-0.49899677178931173,-0.16763069673814543,-0.0626928526971028,,0.5435834159785723,1.033134150507211,,-0.5923581796148427,0.6390508614193472,2.3281852981530036,-0.4515486463204503,-1.1436487126338057,-0.04021511961874239,0.9045006067641007,0.0,6.0,0.5679573497914652,-0.6789291150483783,-0.6967871088743374,-0.16480122045571646,0.24314852511831472,-0.6280818347061087,-0.4649358029689879,-1.0161620199030428,-0.9485566711043047
189155,-0.5775338388214382,-1.331577814329162,-0.1551786220979156,-0.49899677178931173,-0.16763069673814543,-0.0626928526971028,,0.2830061212930922,,,-0.5923581796148427,0.6390508614193472,-0.6902731930826531,,-0.7004792330465348,-1.0157300874016688,0.0,0.2756598620369553,14.875,0.6215807000708212,0.5847298913818583,3.5799066648885502,-0.07244268124608734,-0.3643263385251136,3.92086966629053,0.8348735677554491,0.27793855616708674,1.989808285945798
161095,-0.5775338388214382,-0.9823549417309808,,-0.49899677178931173,-0.16763069673814543,-0.0626928526971028,,-1.3050572911547709,1.4072656484111947,-0.40808192607124244,2.7396886864295165,-1.564820674490566,-0.42983822843501596,-0.4675967158574045,-2.251572411601983,-0.28409386156447397,0.8347245409015025,0.3159993502142261,13.0,0.6215807000708212,0.17709795382371749,-0.16220038715397642,0.06609512756835638,-0.3314355852077414,-0.5070346911788963,-0.38676174295599935,-0.05390082467022572,-1.2152573788500822
251981,-0.5775338388214382,-1.9518837960373485,,-0.49899677178931173,-0.16763069673814543,-0.0626928526971028,,0.20029315155456873,1.3370016896710293,0.740355499040889,5.2387238359627855,0.6390508614193472,1.9445408087926854,-0.41913646691178597,1.072198685302549,-1.0157300874016688,1.1111111111111112,0.1989570866292178,12.0,0.6215807000708212,-0.515876340025122,-0.6967871088743374,-0.11862195085090191,-0.33228602084131315,-0.592204525474558,-0.9432550515230366,0.8318265933267647,-0.2583638034455581
275857,-0.5775338388214382,-1.6693432436006312,-1.2452760842582569,-0.49899677178931173,-0.16763069673814543,-0.0626928526971028,,-0.5231043871377897,-1.5299503368598057,,0.6571593951517919,0.6390508614193472,-0.7739421267032608,1.0183275670200236,1.072198685302549,-0.28409386156447397,1.0149724192277383,0.1035503597899604,11.333333333333334,-0.6653797066337254,0.17709795382371749,-0.16220038715397642,-0.11862195085090191,-0.30654016835781756,-0.3823287996895234,1.596076914831075,-1.4942463717807886,-1.0094103832325614
274426,2.1920976972924686,0.6943273147000503,0.07062422608594482,2.00402098076543,2.028533902902418,-0.0626928526971028,-1.1947094528784235,-0.22391786237921427,1.1730242693478068,,-0.5923581796148427,-1.564820674490566,-0.1643608505979662,-0.34578556519689974,1.072198685302549,-0.04021511961874239,0.90449076595534,0.0,12.0,-0.39726295523694477,0.014045178800461149,-0.16220038715397642,-0.16480122045571646,0.17189815867936056,-0.3741132338239836,0.6984002087497233,-0.32705591776519904,-0.9389318492881009
158688,0.8072819292355152,0.5527133151818903,0.7317818080788392,-0.49899677178931173,-0.16763069673814543,-0.0626928526971028,-0.007102070326510658,-0.3290906921347445,-0.872240397675448,,0.6571593951517919,0.6390508614193472,-0.09903140649843394,-0.43912856470671996,1.072198685302549,-1.0157300874016688,1.0,0.2405944570893023,9.0,0.3534639486740407,-0.47511314626930784,0.37238633456638454,0.02915171188450472,-0.364366687661013,-0.026976910084204483,-1.3135880985337196,-0.39388198957269177,-0.7551288004109178
220067,-0.5775338388214382,0.5318607683272744,0.5307830606424483,-0.49899677178931173,-0.16763069673814543,1.9264209581084963,-0.03573721458147101,-0.06939327930154245,0.38047959794286124,-0.40808192607124244,-0.5923581796148427,0.6390508614193472,-1.0878584022240323,-0.45128429457310276,1.072198685302549,0.4475423642727209,0.9498393021120294,0.0,6.0,-0.504509655795657,-0.9642714713390768,-0.16220038715397642,-0.08167853516705025,-0.35558299115368414,-0.652732979629383,-1.0108292389918911,-0.648648835663373,0.728646149899991
132953,0.8072819292355152,0.1764508763326688,-1.0754962912109225,-0.49899677178931173,0.9304516030821364,-0.0626928526971028,1.0825574683127648,-0.7112881947547698,0.5577386364929456,,3.156194544685061,0.6390508614193472,0.31247959045307977,-0.22032101980907817,1.072198685302549,1.1791785901099159,0.9323913190453654,0.0979968140918008,12.0,0.6215807000708212,0.46244031011441605,-0.6967871088743374,-0.16480122045571646,0.060469364223667416,-0.6360634325172025,1.2025566466300988,-0.07872395110263522,0.014856944885389753
417731,0.8072819292355152,0.08639537178471264,-0.8475551584798664,-0.49899677178931173,0.9304516030821364,-0.0626928526971028,,1.4839483484117868,,0.740355499040889,1.0736652534073368,0.6390508614193472,-0.24843066716386902,,1.072198685302549,1.9108148159471108,1.1111495047224142,0.1089429591865582,12.0,-0.8798731077511497,-0.9235082775832627,-0.16220038715397642,-0.16480122045571646,0.4734179399164505,-0.6098973927818973,-1.1969895005482452,-0.21744142234257113,1.1170542819022815
344682,-0.5775338388214382,-1.138405319840798,-0.49259992364538885,-0.49899677178931173,-0.16763069673814543,-0.0626928526971028,0.48452887060143357,0.3025270201412175,,-0.40808192607124244,-0.5923581796148427,0.6390508614193472,0.18506566141096875,,0.7700376764930459,-1.0157300874016688,0.0,0.2225700524377271,25.11111111111111,0.6215807000708212,3.9273117793586128,0.37238633456638454,-0.01702755772030985,-0.36389491314895855,1.2121655216615177,-0.930005210842869,-0.5362650259328696,-0.7383629817633369
237264,0.8072819292355152,1.3160081896074423,0.6051953628848568,-0.49899677178931173,0.9304516030821364,-0.0626928526971028,0.3929151856294452,-0.5162406130691374,0.9404312016770138,,-0.5923581796148427,0.6390508614193472,2.371272789468752,-0.40310642626770204,-0.5896868631497171,0.4475423642727209,0.0,0.0,5.0,0.03172384699790407,-0.7604555025600064,-0.16220038715397642,-0.16480122045571646,-0.3615825972839551,-0.15184416218633376,0.5924014833083828,-0.4657834592389815,-0.8079100813384873
175814,-0.5775338388214382,-0.4915180696146396,0.6830289204027784,2.00402098076543,-0.16763069673814543,-0.0626928526971028,0.10123536877503801,-0.7373896470689317,-0.9381563996848206,,-0.5923581796148427,-1.564820674490566,-0.1643608505979662,-0.41034289331815,,,,,,,,,,,,1.4529786354852654,-1.3844304716812244,-1.4046490339431257
112770,-0.5775338388214382,-1.024518333173281,,-0.49899677178931173,-0.16763069673814543,-0.0626928526971028,,-2.171653505557788,-0.4901853512187052,,-0.17585232135929785,-1.564820674490566,-0.224990574777104,-0.3099525735009373,0.03352021751988264,-0.8328210309423701,0.0,0.1138174692714208,17.25,0.6215807000708212,2.622889579172562,0.37238633456638454,0.019915857963541807,-0.36405630969255615,2.55175904379119,-0.670308333511585,0.9417935469340315,-0.864417099743297
430127,-0.5775338388214382,-1.0167272717111169,-4.549781023494411,-0.49899677178931173,-0.16763069673814543,-0.0626928526971028,,-1.3211610874994648,0.6613085294027615,0.740355499040889,0.6571593951517919,0.6390508614193472,-0.7439086547240095,-0.011398406848741154,1.072198685302549,1.9108148159471108,0.9498831472344845,0.0,6.0,0.5679573497914652,-0.8827450838274487,-0.6967871088743374,-0.16480122045571646,0.2868745733145155,-0.6808769678943926,-0.4463860260167533,-0.30520351031760123,-0.4539650210006685
432490,-0.5775338388214382,-1.7740642756067786,,-0.49899677178931173,-0.16763069673814543,-0.0626928526971028,,0.5496578203587745,1.2568266325309485,,-0.5923581796148427,-1.564820674490566,-0.6985822775590728,0.027355265492216226,-2.251572411601983,0.4475423642727209,0.9191058658017117,0.0,10.0,-0.39726295523694477,-0.9235082775832627,-0.16220038715397642,-0.16480122045571646,0.5489949752356931,-0.6031211655157646,-0.7928693598031349,-0.08722414394515504,-0.6908598289285244
264442,0.8072819292355152,0.6501015834589421,0.5782529775901917,-0.49899677178931173,-0.16763069673814543,1.9264209581084963,,0.036123100011929046,-1.8325208435790836,,-0.5923581796148427,0.6390508614193472,-0.9534926702856344,-0.39673744170427955,-2.251572411601983,1.9108148159471108,0.7438799958331886,0.0,24.0,0.5679573497914652,-0.18977078997860924,-0.6967871088743374,-0.10938609692993899,-0.30916906975064706,-0.3473453064345651,-1.0201041274680083,-0.1014826795964469,-0.2745086658469323
122003,-0.5775338388214382,1.0045948799874107,-0.8005128984415621,-0.49899677178931173,-0.16763069673814543,-0.0626928526971028,1.5585912248725196,0.6699897307676422,,,-0.5923581796148427,-1.564820674490566,-0.1643608505979662,0.43722621163576164,1.072198685302549,1.9108148159471108,1.0,0.0,6.0,0.5679573497914652,-0.8827450838274487,-0.6967871088743374,-0.16480122045571646,1.5490141669255515,-0.562923181758101,0.25121808579406835,-1.463733563224926,0.7686978277803231
113124,-0.5775338388214382,-1.1659031838249068,-0.773570513146897,2.00402098076543,-1.2657129965584273,1.9264209581084963,,-0.33827110238138813,0.8848797274434721,,1.0736652534073368,-1.564820674490566,-1.1135935942574178,-0.10463971432891403,-1.42062963737585,-0.28409386156447397,0.8964536294419277,0.0573296262089229,21.0,-0.29001625467823255,0.21786114757953157,-0.16220038715397642,-0.1278578047718648,-0.3555550571365231,-0.03644816896261423,-0.6398336999471996,1.1173177228840918,0.3542095334373511
403111,0.8072819292355152,1.033467637170725,0.6749034391234349,-0.49899677178931173,0.9304516030821364,-0.0626928526971028,-0.024419696084217752,0.44198260923411303,0.844562426804486,-0.40808192607124244,-0.17585232135929785,0.6390508614193472,-0.21195593193421805,0.23634135225393496,-0.9220639728401702,-0.4304211067319129,0.0,0.0,12.0,0.6215807000708212,0.1363347600679034,-0.6967871088743374,-0.15556536653475356,0.020706842684660574,-0.4955806013795636,-0.7160202838581631,-0.8783710101770146,-0.3511967622534597
391205,-0.5775338388214382,-1.2949139956836837,-0.9339418541865706,-0.49899677178931173,-0.16763069673814543,1.9264209581084963,0.9143824354805621,0.2148003357566787,-0.20734739641910072,0.740355499040889,-0.17585232135929785,0.6390508614193472,-1.1605849996621684,0.5974051796022756,-0.035725013665628566,-0.04021511961874239,1.0,0.1112225193107546,14.5,-1.3088599099859985,0.05480837255627523,-0.6967871088743374,-0.10015024300897608,0.27437875630444275,-0.3686392514790744,-0.7233076962322552,-0.2786281631958451,0.5293191948676405
382311,-0.5775338388214382,-0.9915208963923504,,-0.49899677178931173,-0.16763069673814543,-0.0626928526971028,,-1.0258161448286793,0.844562426804486,,-0.17585232135929785,-1.564820674490566,-0.6600917492036894,0.5846478961192579,-2.251572411601983,1.9108148159471108,0.9099195710455764,0.0,12.0,-1.4161066105447107,-0.9235082775832627,-0.16220038715397642,-0.16480122045571646,0.28105809018563416,-0.6328749893487827,-0.34701222091549666,-0.3267034595805604,-0.4729041865099728
342113,-0.5775338388214382,-0.030699699014283797,-0.3202541891414196,-0.49899677178931173,-0.16763069673814543,-0.0626928526971028,-0.39408921853544054,0.6449385267521092,-0.3359631827224903,,-0.5923581796148427,-1.564820674490566,2.904648113281797,0.937510251554551,-0.1742154760366506,-0.6499119744830714,0.0,0.1974153095737361,7.0,-1.4697299608240668,-0.1082444024669811,-0.6967871088743374,2.347351046046196,-0.3642208100158383,-0.5094948362670921,-1.1625399147798097,0.9386214232722832,1.4790717734407874
372346,-0.5775338388214382,-0.9763970712010906,,-0.49899677178931173,-1.2657129965584273,-0.0626928526971028,,-1.3506279833599497,0.9167531535870822,,0.24065353689624705,-1.564820674490566,-0.1643608505979662,-0.29465221151742776,-0.40503291332168745,-1.0157300874016688,0.8964589870013447,,30.0,0.6215807000708212,0.17709795382371749,0.37238633456638454,-0.16480122045571646,-0.35601131275015463,1.03418631268746,-0.3138876192150778,-0.32705591776519904,-0.9389318492881009
342529,0.8072819292355152,-0.42071106985555956,-1.9983799017805641,-0.49899677178931173,0.9304516030821364,-0.0626928526971028,,1.2997589096070805,1.1224960635414987,-0.6955359514444469,-0.5923581796148427,0.6390508614193472,-0.6244948236895915,-0.151922576109522,-2.251572411601983,1.9108148159471108,1.067262830482115,0.1051984545135229,5.0,-3.239300520042818,-0.9642714713390768,-0.6967871088743374,-0.16480122045571646,0.009014904612891072,-0.7126220822370792,1.038258622196021,0.09740443887823398,0.1958656906546427
249059,-0.5775338388214382,0.11366408690228715,-0.45924268470913676,-0.49899677178931173,-0.16763069673814543,-0.0626928526971028,1.2393071481813602,0.256436678874902,1.18724012229047,0.740355499040889,-0.5923581796148427,0.6390508614193472,-0.6197071247136307,-0.14944994963976724,1.072198685302549,0.4475423642727209,0.9717775345492486,0.1011065073415148,12.0,-0.021899503281452036,-0.8012186963158204,-0.16220038715397642,-0.16480122045571646,1.300485216243099,0.575478986690097,-0.7226452041982468,0.41797019292403226,1.5520341323700748
229323,-0.5775338388214382,1.4681630369861773,0.9126806807715909,2.00402098076543,-0.16763069673814543,-0.0626928526971028,-1.875936286591086,-0.9862010304675782,-2.6191818419628707,-0.40808192607124244,-0.17585232135929785,0.6390508614193472,1.1563126346335864,-0.18425143805221333,1.072198685302549,0.9352998481641841,0.9099171616685093,0.2418410604939102,9.5,0.5679573497914652,-0.8012186963158204,-0.16220038715397642,-0.16480122045571646,-0.1285197807697076,-0.7087781901326607,0.4585780924386905,-0.4975046958564623,-0.8311959405712385
263202,-0.5775338388214382,-1.4601303284548703,,-0.49899677178931173,-0.16763069673814543,-0.0626928526971028,,-1.1885327653506517,1.033134150507211,0.740355499040889,1.0736652534073368,0.6390508614193472,-0.5474754469839013,-0.4458831882608381,1.072198685302549,-0.04021511961874239,1.0,0.1154743805370808,12.0,-0.4508863055163009,0.3401507288469738,-0.6967871088743374,-0.10015024300897608,-0.3625168349690102,-0.30653378496057315,-0.7504698696265987,1.8601988737639505,1.231931187450521
177287,-0.5775338388214382,0.03437857908144025,-0.3228201305980544,2.00402098076543,-1.2657129965584273,-0.0626928526971028,,0.16759772306748089,1.0856776825893708,-0.40808192607124244,-0.5923581796148427,0.6390508614193472,0.5829264077656131,-0.02999800221645969,1.072198685302549,1.9108148159471108,1.3569684077838178,0.3151235551302736,6.0,0.3534639486740407,-0.8827450838274487,-0.6967871088743374,-0.16480122045571646,0.4327615298282879,-0.667242141138,-0.9657797806793214,-1.0981259770824237,-1.2481680598990372
360019,-0.5775338388214382,-0.7465607580672483,-2.9105720896142273,-0.49899677178931173,-0.16763069673814543,1.9264209581084963,,-1.674106594507534,-1.5422991398695536,-0.40808192607124244,4.405712119451696,0.6390508614193472,-0.51054861998582,1.93060358913561,-0.5896868631497171,-0.28409386156447397,0.8387150884844419,0.0,12.0,0.5679573497914652,-0.6381659212925641,1.9761464997274674,-0.16480122045571646,-0.15145360885898412,-0.20161767529625846,0.11275725068631741,-1.1293682320643696,0.2008333406242963
265690,-0.5775338388214382,0.2639857433487483,-0.43486624087110637,2.00402098076543,-0.16763069673814543,-0.0626928526971028,,-0.07929353749310104,,,-0.5923581796148427,0.6390508614193472,-1.087794391290104,,,,,,,,,-0.6967871088743374,-0.16480122045571646,-0.3597110181341603,0.7559837454584797,-0.7160202838581631,-0.05805983124896204,-0.5086091706668581
392995,-0.5775338388214382,1.7454331654926074,0.546606366291696,-0.49899677178931173,-1.2657129965584273,-2.051806663502702,-0.34219956849256167,0.30653254257642926,0.469763336539222,,-0.5923581796148427,-1.564820674490566,-0.1643608505979662,-0.4668471071145379,1.072198685302549,1.9108148159471108,0.9044977463989662,0.0,12.0,-0.23639290439887647,-0.6789291150483783,-0.16220038715397642,-0.0077917037993469355,-0.3549436125386631,-0.5478808727964911,1.3728170993702518,-1.3256874409081116,-1.2494099723914507
232503,-0.5775338388214382,0.5772322439010539,0.49742582170619615,-0.49899677178931173,-1.2657129965584273,-0.0626928526971028,-0.988954798343856,0.2747478665549388,-0.2717919516292728,,-0.5923581796148427,0.6390508614193472,-0.1643608505979662,-0.38225491523857313,-1.1436487126338057,-0.5279726035102056,0.8364001338240215,0.1572808013706273,9.333333333333334,0.5679573497914652,-0.06748120871116702,-0.6967871088743374,-0.04473511948319859,-0.34564158482401136,-0.3997544406735201,-0.0588281861218524,-1.2082013793618867,-1.2494099723914507
343695,0.8072819292355152,1.3162373384739765,0.9734079619119473,2.00402098076543,0.9304516030821364,-0.0626928526971028,-0.5898651590834357,0.3870390631112749,-0.481190806156571,-0.6955359514444469,0.24065353689624705,0.6390508614193472,2.522882261090953,-0.43917008841204863,-0.40503291332168745,-0.6905584314740267,0.8632439800090868,0.5445454545454544,6.0,0.6215807000708212,0.6662562788934865,-0.16220038715397642,-0.16480122045571646,-0.20029158219566923,-0.567789910652607,0.09486996576809122,-1.4982744653195161,-1.5049334677055075
311480,-0.5775338388214382,-0.44752148724006563,-1.196095539672757,2.00402098076543,-0.16763069673814543,-0.0626928526971028,,0.1690159983443335,-0.17043027896844154,,-0.5923581796148427,-1.564820674490566,2.333713698788857,0.3264750143930075,-0.5896868631497171,-1.0157300874016688,0.968054211035818,,3.0,0.4070872989533968,-0.9235082775832627,-0.6967871088743374,-0.16480122045571646,2.3346087391069954,-0.48952517941505175,0.9832717833733257,-0.7906089222019844,-1.04635727988186
113081,-0.5775338388214382,-1.3657209954427636,,-0.49899677178931173,-0.16763069673814543,-0.0626928526971028,0.49961848929253677,0.6712778729028377,0.42527232844118723,0.740355499040889,-0.5923581796148427,-1.564820674490566,-0.1643608505979662,-0.2562913940451993,-0.257309753459264,-0.4304211067319129,0.8792909397861565,0.2038168503587544,20.5,0.6215807000708212,0.8293090539167428,-0.16220038715397642,0.0014441501216159787,-0.3628179015984133,0.5979446089461071,-0.8697184357481067,-0.4327933731568014,-0.783692787736426
157825,-0.5775338388214382,0.7694881429232808,0.9084041116771997,-0.49899677178931173,-0.16763069673814543,-0.0626928526971028,0.6820921652620014,0.22304984017569396,-0.994773197923749,1.8894822623433638,-0.5923581796148427,-1.564820674490566,-0.1643608505979662,-0.44958726696978923,1.072198685302549,1.9108148159471108,1.0264514896867838,0.10139193966162,10.0,-3.1320538194841063,-0.8012186963158204,-0.16220038715397642,0.21386879030376302,-0.36436048010164385,-0.6255460367242749,-0.30527522277296887,-1.7148600197799821,-1.4046490339431257
223972,0.8072819292355152,0.09097834911539743,-0.9822670849531923,-0.49899677178931173,0.9304516030821364,-0.0626928526971028,,0.08041445370081057,0.0607721884992053,0.740355499040889,-0.5923581796148427,0.6390508614193472,0.9580886130815788,2.2801621094441162,-1.1436487126338057,-1.0157300874016688,1.0,0.0,22.0,0.4070872989533968,-0.2712971774902374,-0.6967871088743374,-0.13709365869282775,-0.34672480393392574,-0.5295349735785091,1.3184927525815648,-0.5176854444854881,-0.43626776798377753
360028,-0.5775338388214382,-1.545832004538676,-5.772452127580883,-0.49899677178931173,-0.16763069673814543,-0.0626928526971028,,0.9449628819387492,0.8688154553590197,,-0.17585232135929785,0.6390508614193472,-0.6988509981515924,-0.24604225470704588,-0.257309753459264,-1.0157300874016688,0.0,,30.0,0.6215807000708212,1.4407569602539538,0.9069730562867455,0.1399819589360597,-0.3634293461962733,1.912468985787465,-0.8789933242242239,-1.1018999908748623,-0.6793721383737005
269261,0.8072819292355152,0.9363085177602073,-0.5199699658494932,-0.49899677178931173,-0.16763069673814543,-2.051806663502702,,-0.15795319572420513,0.9167531535870822,1.6020282369701593,-0.5923581796148427,0.6390508614193472,0.2719075924248754,,0.5182368358184604,-0.5279726035102056,0.8170735693041802,,16.0,0.5679573497914652,0.09557156631208931,1.4415597780071066,-0.15556536653475356,0.13997888840325823,0.4566888130996679,-0.729932616572339,-0.7642802958094754,0.15364066591258713
123721,-0.5775338388214382,-0.48991402754889996,-0.9861159971381444,-0.49899677178931173,-0.16763069673814543,-0.0626928526971028,,1.2254878401731841,0.38047959794286124,0.740355499040889,-0.5923581796148427,0.6390508614193472,-1.087794391290104,0.14212337352152787,1.072198685302549,1.9108148159471108,1.1111111111111112,0.1089090909090909,24.0,-0.021899503281452036,-0.5974027275367501,3.5799066648885502,-0.16480122045571646,-0.0592930786850921,-0.4562875035746221,1.4509911593832403,1.7242507168318897,-0.05469015468976061
254872,0.8072819292355152,-0.28986706706450877,-1.1635936145553831,-0.49899677178931173,0.9304516030821364,-0.0626928526971028,1.4463987763371675,-0.1964935864332743,-1.104857449991222,-1.5572086893737174,-0.5923581796148427,0.6390508614193472,2.3201487004257677,0.3660273159177216,1.072198685302549,-0.28409386156447397,0.8340747330960854,0.1595605760179454,17.0,-0.12914620384016426,0.46244031011441605,0.37238633456638454,-0.07244268124608734,-0.35279890077662623,0.8071982407450535,1.4185290497168297,-1.1706293368794038,-0.7802775283822891
319276,-0.5775338388214382,0.5284235353292608,0.8134642777817129,-0.49899677178931173,-1.2657129965584273,1.9264209581084963,,-0.5469801745509733,,-0.40808192607124244,-0.5923581796148427,0.6390508614193472,-0.29390414948376203,,-0.5896868631497171,1.9108148159471108,1.0,0.5288453579804109,3.0,0.514333999512109,-1.0457978588507049,0.9069730562867455,-0.16480122045571646,0.13103689913201647,-0.6856956463248243,-1.8468941859104637,-0.3915557655540765,-0.9768101803067095
